Date,Open,High,Low,Close,Volume,OpenInt
40380 ,24.333,24.333,23.946,23.946,43321,0
40381 ,24.644,24.644,24.362,24.487,18031,0
40382 ,24.759,24.759,24.314,24.507,8897,0
40385 ,24.624,24.624,24.449,24.595,19443,0
40386 ,24.477,24.517,24.431,24.517,8456,0
40387 ,24.477,24.517,24.352,24.431,4967,0
40388 ,24.527,24.527,24.256,24.256,1238,0
40389 ,24.228,24.333,24.228,24.333,618,0
40392 ,24.916,24.926,24.664,24.839,7161,0
40393 ,24.966,25.069,24.966,25.042,11516,0
40394 ,25.069,25.069,25.069,25.069,513,0
40395 ,25.118,25.118,25.118,25.118,513,0
40396 ,24.537,24.926,24.537,24.926,720,0
40399 ,25.207,25.429,25.207,25.265,5620,0
40400 ,25.285,25.285,25.285,25.285,513,0
40401 ,24.401,24.401,24.401,24.401,101,0
40402 ,24.276,24.276,24.276,24.276,1032,0
40403 ,24.401,24.401,24.401,24.401,101,0
40406 ,24.507,24.507,24.467,24.467,3094,0
40407 ,24.789,24.966,24.789,24.966,6704,0
40408 ,25.013,25.109,25.013,25.109,587,0
40409 ,24.966,24.966,24.966,24.966,513,0
40410 ,24.537,24.537,24.517,24.527,1238,0
40413 ,24.557,24.557,24.557,24.557,206,0
40414 ,24.14,24.198,24.14,24.198,3920,0
40415 ,24.091,24.111,24.091,24.111,720,0
40416 ,24.352,24.381,24.238,24.238,7736,0
40417 ,24.333,24.487,24.188,24.487,10547,0
40420 ,24.517,24.517,24.517,24.517,309,0
40421 ,24.527,24.567,24.507,24.567,1057,0
40422 ,24.888,25.158,24.888,25.158,1545,0
40423 ,25.236,25.236,25.236,25.236,101,0
40424 ,25.507,25.507,25.429,25.429,4359,0
40428 ,25.429,25.429,25.429,25.429,101,0
40429 ,25.556,25.651,25.497,25.497,4127,0
40430 ,25.708,25.708,25.708,25.708,824,0
40431 ,25.806,25.806,25.708,25.747,1960,0
40434 ,26.039,26.244,26.039,26.244,216,0
40435 ,26.312,26.35,26.312,26.312,1244,0
40436 ,26.408,26.437,26.399,26.437,1545,0
40437 ,26.486,26.486,26.486,26.486,206,0
40438 ,26.389,26.408,26.389,26.408,568,0
40441 ,26.893,26.96,26.893,26.96,513,0
40442 ,26.816,26.903,26.816,26.903,441,0
40443 ,26.786,26.866,26.69,26.737,31669,0
40444 ,26.999,26.999,26.747,26.846,4898,0
40445 ,26.933,27.076,26.933,27.076,15988,0
40448 ,27.242,27.301,27.223,27.301,11244,0
40449 ,27.223,27.397,27.223,27.36,7428,0
40450 ,27.397,27.456,27.369,27.456,103201,0
40451 ,27.504,27.504,27.34,27.35,5076,0
40452 ,27.436,27.436,27.436,27.436,5158,0
40455 ,27.874,27.874,27.145,27.194,22136,0
40456 ,27.466,27.786,27.466,27.776,71865,0
40457 ,27.874,27.874,27.639,27.698,4961,0
40458 ,27.718,27.718,27.523,27.523,3457,0
40459 ,27.59,27.688,27.59,27.649,1092,0
40462 ,27.815,27.815,27.756,27.756,824,0
40463 ,27.766,27.883,27.582,27.883,2037,0
40464 ,28.278,28.278,28.268,28.268,1213,0
40465 ,28.24,28.24,27.893,28.078,3851,0
40466 ,27.903,27.903,27.883,27.893,791,0
40469 ,27.912,27.912,27.912,27.912,513,0
40470 ,27.436,27.533,27.34,27.34,1960,0
40471 ,27.708,27.824,27.708,27.824,618,0
40472 ,28.019,28.155,28.019,28.155,436,0
40473 ,28.115,28.598,28.115,28.598,513,0
40476 ,28.783,28.783,28.278,28.288,3958,0
40477 ,27.951,28.019,27.941,28.009,1069,0
40478 ,27.99,27.99,27.99,27.99,116,0
40479 ,27.893,27.893,27.893,27.893,206,0
40480 ,27.98,27.98,27.98,27.98,309,0
40483 ,28.039,28.039,28.039,28.039,458,0
40484 ,28.135,28.135,28.135,28.135,206,0
40485 ,28.203,28.221,28.203,28.221,395,0
40486 ,28.588,28.588,28.548,28.568,3273,0
40487 ,28.54,28.54,28.308,28.338,521,0
40490 ,27.115,28.318,27.115,28.318,2374,0
40491 ,28.249,28.406,28.164,28.164,1238,0
40492 ,28.145,28.145,28.145,28.145,101,0
40493 ,28.039,28.106,28.039,28.106,316,0
40494 ,28.125,28.125,26.196,27.815,5584,0
40497 ,28.308,28.308,27.903,27.903,513,0
40499 ,27.388,27.514,27.321,27.456,3353,0
40500 ,27.659,27.659,27.659,27.659,101,0
40504 ,27.951,28.096,27.815,28.096,1546,0
40505 ,27.416,27.416,27.416,27.416,1032,0
40506 ,27.776,27.776,27.776,27.776,824,0
40508 ,27.756,27.864,27.718,27.864,2944,0
40511 ,27.718,27.718,27.514,27.514,983,0
40512 ,27.514,27.514,27.436,27.436,1856,0
40513 ,27.698,27.903,27.698,27.903,1683,0
40514 ,27.903,28.348,27.903,28.308,26077,0
40515 ,28.268,28.358,28.268,28.318,4593,0
40518 ,28.135,28.378,28.135,28.378,2253,0
40519 ,28.54,28.54,28.473,28.473,10730,0
40520 ,28.443,28.443,28.212,28.298,2238,0
40521 ,28.298,28.298,28.298,28.298,370,0
40522 ,28.338,28.453,28.338,28.443,2114,0
40525 ,28.54,28.736,28.54,28.628,6087,0
40526 ,28.898,28.898,28.598,28.736,7002,0
40527 ,28.736,28.783,28.493,28.502,8149,0
40528 ,28.548,28.648,28.423,28.648,1596,0
40529 ,28.648,28.648,28.618,28.638,824,0
40532 ,28.415,28.415,28.415,28.415,618,0
40533 ,28.628,28.678,28.558,28.648,10956,0
40534 ,28.648,28.648,28.558,28.618,5533,0
40535 ,28.678,28.773,28.522,28.648,3289,0
40539 ,28.608,28.688,28.532,28.688,977,0
40540 ,28.754,28.754,28.678,28.688,2374,0
40541 ,28.736,28.879,28.736,28.879,593,0
40542 ,28.928,28.928,28.745,28.823,9629,0
40543 ,28.823,28.997,28.726,28.928,17834,0
40546 ,29.065,29.141,28.968,29.141,1631,0
40547 ,29.376,29.426,28.997,29.094,22886,0
40548 ,28.928,28.988,28.888,28.918,14445,0
40549 ,28.908,28.938,28.833,28.918,13632,0
40550 ,28.833,28.833,28.763,28.763,1687,0
40553 ,28.568,28.745,28.473,28.745,34155,0
40554 ,28.851,28.958,28.813,28.918,5994,0
40556 ,28.988,28.997,28.988,28.997,1155,0
40557 ,29.015,29.035,28.968,29.035,1929,0
40561 ,29.287,29.366,29.268,29.278,1756,0
40562 ,29.085,29.085,29.035,29.035,842,0
40563 ,28.86,28.86,28.608,28.668,309,0
40564 ,28.928,28.928,28.928,28.928,206,0
40569 ,29.376,29.376,29.306,29.306,318,0
40570 ,29.132,29.278,29.132,29.278,352,0
40571 ,29.179,29.179,29.141,29.141,678,0
40574 ,28.928,28.948,28.928,28.928,695,0
40575 ,29.443,29.443,29.376,29.376,1441,0
40576 ,29.5,29.5,29.472,29.482,608,0
40577 ,29.366,29.537,29.278,29.537,824,0
40578 ,29.326,29.426,29.268,29.426,690,0
40581 ,29.366,29.472,29.366,29.472,679,0
40582 ,29.625,29.625,29.306,29.306,930,0
40583 ,29.376,29.376,29.278,29.278,824,0
40584 ,29.025,29.218,29.025,29.169,1032,0
40585 ,29.346,29.346,29.346,29.346,101,0
40588 ,29.306,29.316,29.306,29.316,226,0
40589 ,29.434,29.453,29.278,29.278,2549,0
40591 ,29.376,29.714,29.376,29.665,2683,0
40592 ,29.78,29.859,29.78,29.859,1133,0
40596 ,29.753,29.753,29.179,29.179,14569,0
40597 ,29.326,29.326,29.035,29.094,3416,0
40598 ,29.045,29.045,29.045,29.045,513,0
40599 ,29.248,29.306,29.248,29.306,9604,0
40602 ,29.596,29.596,29.547,29.567,2151,0
40603 ,29.509,29.509,29.376,29.376,7736,0
40604 ,29.416,29.416,29.416,29.416,10318,0
40605 ,29.694,29.694,29.694,29.694,101,0
40606 ,29.625,29.665,29.625,29.665,929,0
40610 ,29.443,29.714,29.426,29.694,12252,0
40611 ,29.615,29.714,29.547,29.645,896,0
40612 ,29.297,29.297,29.075,29.075,257,0
40613 ,29.103,29.103,29.103,29.103,1032,0
40616 ,29.045,29.045,28.833,28.833,2063,0
40617 ,28.174,28.658,28.174,28.658,7942,0
40618 ,28.388,28.397,27.678,27.805,32520,0
40619 ,28.203,28.212,28.135,28.135,886,0
40620 ,28.298,28.298,28.298,28.298,206,0
40623 ,28.823,28.823,28.823,28.823,1032,0
40624 ,28.898,28.898,28.898,28.898,206,0
40625 ,29.025,29.035,29.025,29.035,513,0
40626 ,29.065,29.326,29.065,29.326,1080,0
40627 ,29.356,29.5,29.287,29.297,1934,0
40630 ,29.406,29.406,29.199,29.199,206,0
40631 ,29.16,29.16,29.16,29.16,411,0
40632 ,29.416,29.567,29.356,29.537,2849,0
40634 ,29.986,30.093,29.956,30.093,1650,0
40637 ,30.13,30.13,30.13,30.13,101,0
40638 ,30.13,30.13,30.13,30.13,196,0
40639 ,30.49,30.49,30.197,30.226,1341,0
40640 ,30.256,30.256,29.986,30.034,10935,0
40641 ,30.12,30.216,30.12,30.16,1018,0
40644 ,30.102,30.102,30.102,30.102,482,0
40646 ,29.956,29.996,29.956,29.996,530,0
40648 ,29.916,29.916,29.916,29.916,206,0
40651 ,29.326,29.326,29.326,29.326,201,0
40652 ,29.684,29.986,29.684,29.976,1288,0
40653 ,30.518,30.518,30.364,30.364,6911,0
40659 ,30.567,30.567,30.567,30.567,411,0
40660 ,30.452,30.715,30.452,30.715,5682,0
40661 ,30.782,30.792,30.773,30.792,1263,0
40662 ,30.974,31.014,30.974,31.014,414,0
40665 ,31.148,31.206,31.138,31.206,508,0
40666 ,30.935,31.265,30.646,30.646,628,0
40667 ,30.626,30.626,30.414,30.452,2394,0
40668 ,30.345,30.527,30.256,30.527,1620,0
40672 ,30.404,30.442,30.404,30.442,471,0
40674 ,30.335,30.335,30.14,30.14,1460,0
40675 ,30.16,30.46,30.16,30.46,618,0
40676 ,30.384,30.557,29.907,29.907,513,0
40679 ,30.286,30.286,30.286,30.286,186,0
40680 ,30.16,30.16,30.16,30.16,1406,0
40682 ,30.646,30.646,30.646,30.646,503,0
40683 ,30.374,30.374,30.374,30.374,166,0
40686 ,29.761,29.859,29.694,29.723,5697,0
40687 ,29.596,29.996,29.596,29.839,10479,0
40688 ,29.819,30.034,29.819,30.034,896,0
40689 ,29.867,30.12,29.867,30.102,818,0
40690 ,30.557,30.557,30.557,30.557,340,0
40694 ,30.705,30.782,30.705,30.782,770,0
40696 ,30.705,30.705,30.705,30.705,101,0
40700 ,30.695,30.695,30.577,30.685,792,0
40703 ,30.256,30.256,30.256,30.256,618,0
40704 ,29.946,29.946,29.877,29.877,3313,0
40709 ,29.519,29.519,29.519,29.519,309,0
40710 ,29.5,29.5,29.045,29.199,930,0
40711 ,29.179,29.179,29.085,29.085,618,0
40714 ,29.085,29.297,29.015,29.248,2755,0
40715 ,29.576,29.714,29.519,29.714,411,0
40716 ,29.645,29.665,29.645,29.665,540,0
40717 ,29.16,29.287,29.16,29.287,411,0
40718 ,29.268,29.406,29.268,29.406,513,0
40723 ,30.364,30.442,30.364,30.442,1238,0
40724 ,30.424,30.745,30.424,30.745,1545,0
40729 ,30.745,30.848,30.705,30.848,904,0
40730 ,30.745,30.838,30.745,30.782,6394,0
40731 ,30.935,30.935,30.896,30.896,1032,0
40732 ,30.735,30.763,30.735,30.763,618,0
40735 ,30.216,30.216,30.216,30.216,101,0
40736 ,29.976,29.976,29.976,29.976,121,0
40737 ,30.246,30.246,30.246,30.246,309,0
40738 ,30.325,30.325,29.743,29.887,2471,0
40742 ,29.529,29.645,29.376,29.376,2577,0
40743 ,29.366,29.859,29.366,29.859,2871,0
40744 ,29.996,30.12,29.996,30.093,2166,0
40745 ,30.179,30.315,30.179,30.266,1391,0
40746 ,30.384,30.537,30.384,30.537,824,0
40749 ,30.46,30.597,30.404,30.597,2268,0
40750 ,30.414,30.47,30.414,30.46,3619,0
40751 ,30.093,30.345,30.093,30.14,1597,0
40753 ,29.704,29.704,29.704,29.704,101,0
40757 ,29.547,29.547,29.297,29.297,746,0
40759 ,28.532,28.532,27.97,27.97,909,0
40760 ,27.678,27.678,27.582,27.582,7721,0
40763 ,26.408,26.866,24.789,26.136,10861,0
40764 ,26.923,27.388,26.757,27.388,411,0
40765 ,26.574,26.574,26.574,26.574,130,0
40766 ,27.194,27.494,27.175,27.494,503,0
40767 ,27.019,27.903,27.019,27.776,2186,0
40771 ,27.98,27.98,27.98,27.98,449,0
40772 ,28.288,28.288,28.078,28.115,1751,0
40777 ,27.135,27.824,26.535,26.535,1186,0
40779 ,27.533,27.533,27.252,27.252,262,0
40784 ,28.415,28.415,28.415,28.415,513,0
40785 ,28.125,28.493,28.078,28.368,2898,0
40786 ,28.648,28.851,28.608,28.851,1382,0
40787 ,28.745,28.793,28.745,28.793,206,0
40788 ,28.106,28.106,28.106,28.106,1133,0
40792 ,27.204,28.433,27.125,27.397,58652,0
40793 ,27.795,28.221,27.795,28.184,1032,0
40794 ,28.049,28.049,28.019,28.019,61599,0
40795 ,27.476,27.649,27.311,27.311,9047,0
40799 ,27.184,27.242,27.048,27.242,2080,0
40800 ,26.923,27.543,26.923,27.466,3547,0
40801 ,27.514,27.63,27.436,27.63,86953,0
40802 ,27.494,27.494,27.446,27.494,1815,0
40805 ,26.836,26.846,26.633,26.816,1701,0
40808 ,25.603,25.603,24.859,24.859,2336,0
40809 ,25.207,25.207,25.069,25.148,8282,0
40812 ,25.216,25.381,25.216,25.381,1401,0
40813 ,26.107,26.574,26.107,26.574,6558,0
40814 ,26.087,26.087,26.087,26.087,101,0
40816 ,25.226,25.226,24.994,24.994,5993,0
40820 ,23.936,23.946,23.867,23.946,3104,0
40821 ,25.109,25.109,25.109,25.109,101,0
40823 ,25.574,25.594,25.439,25.594,1806,0
40827 ,26.457,26.457,26.408,26.408,34248,0
40828 ,27.048,27.301,27.048,27.301,11727,0
40829 ,26.806,26.806,26.806,26.806,411,0
40830 ,27.262,27.262,27.262,27.262,206,0
40833 ,26.903,26.903,26.903,26.903,176,0
40836 ,26.379,26.379,26.379,26.379,186,0
40837 ,26.816,26.816,26.816,26.816,4228,0
40840 ,27.436,27.514,27.436,27.514,781,0
40841 ,27.252,27.252,27.252,27.252,118,0
40842 ,27.262,27.34,27.125,27.34,687,0
40843 ,28.288,28.716,28.258,28.716,67325,0
40844 ,28.851,28.851,28.716,28.851,309,0
40848 ,27.388,27.388,27.35,27.35,1940,0
40849 ,27.639,27.639,27.639,27.639,411,0
40850 ,27.99,28.059,27.99,28.059,542,0
40851 ,27.844,27.844,27.844,27.844,237,0
40854 ,27.756,27.756,27.756,27.756,160,0
40855 ,27.844,28.145,27.844,28.135,975,0
40858 ,27.903,27.903,27.649,27.649,638,0
40861 ,27.446,27.737,27.446,27.63,9909,0
40862 ,27.62,27.668,27.62,27.668,720,0
40865 ,26.876,26.913,26.767,26.913,1515,0
40868 ,26.067,26.283,26.067,26.186,2061,0
40869 ,26.603,26.623,26.283,26.302,738,0
40875 ,26.399,26.399,26.399,26.399,411,0
40878 ,27.824,27.824,27.824,27.824,206,0
40879 ,27.688,28.184,27.572,27.639,22918,0
40882 ,27.874,27.874,27.874,27.874,411,0
40883 ,27.639,27.639,27.639,27.639,101,0
40885 ,27.61,27.61,27.61,27.61,132,0
40886 ,27.34,27.728,27.252,27.728,11323,0
40889 ,27.242,27.552,26.923,27.105,1341,0
40893 ,26.447,26.447,26.215,26.389,16029,0
40896 ,26.273,26.389,26.196,26.389,1238,0
40897 ,26.777,26.806,26.737,26.806,1345,0
40898 ,26.806,26.923,26.65,26.923,16067,0
40899 ,27.085,27.115,27.019,27.048,5326,0
40900 ,27.175,27.223,27.175,27.223,3427,0
40904 ,27.165,27.184,27.105,27.175,5791,0
40906 ,27.038,27.175,26.999,27.038,9159,0
40907 ,27.155,27.281,27.067,27.252,5378,0
40911 ,28.087,28.087,27.766,27.766,1054,0
40912 ,27.708,27.854,27.708,27.776,423,0
40913 ,27.057,27.378,27.057,27.34,19515,0
40914 ,27.145,27.194,27.095,27.095,5929,0
40917 ,27.204,27.204,27.184,27.184,720,0
40918 ,27.533,27.533,27.175,27.533,309,0
40919 ,27.321,27.805,27.242,27.572,930,0
40920 ,27.291,27.388,27.291,27.388,720,0
40921 ,27.029,27.223,27.029,27.223,1515,0
40925 ,27.572,27.572,27.572,27.572,206,0
40926 ,27.874,27.874,27.874,27.874,411,0
40927 ,28.193,28.278,28.193,28.278,340,0
40928 ,28.203,28.203,28.203,28.203,411,0
40932 ,27.999,27.999,27.999,27.999,391,0
40934 ,28.558,28.558,28.298,28.493,33639,0
40938 ,27.824,28.009,27.824,28.009,471,0
40939 ,28.155,28.155,28.155,28.155,360,0
40940 ,28.813,28.823,28.773,28.773,16552,0
40941 ,28.888,28.888,28.888,28.888,142,0
40946 ,29.035,29.035,29.035,29.035,309,0
40947 ,28.968,29.113,28.851,28.888,10871,0
40949 ,28.879,28.879,28.823,28.823,340,0
40952 ,29.103,29.103,29.103,29.103,558,0
40954 ,29.189,29.248,29.189,29.248,930,0
40955 ,29.519,29.519,29.519,29.519,206,0
40956 ,29.472,29.472,29.406,29.406,732,0
40961 ,29.482,29.482,29.482,29.482,217,0
40966 ,29.462,29.519,29.462,29.519,774,0
40967 ,29.645,29.926,29.645,29.926,1162,0
40968 ,29.586,29.615,29.519,29.519,792,0
40969 ,29.733,29.743,29.733,29.743,740,0
40973 ,29.278,29.278,29.278,29.278,568,0
40974 ,28.493,28.493,28.493,28.493,124,0
40976 ,29.366,29.576,29.366,29.576,720,0
40977 ,29.491,29.509,29.434,29.462,1103,0
40980 ,29.416,29.416,29.386,29.386,421,0
40981 ,29.547,29.645,29.547,29.645,930,0
40984 ,29.996,29.996,29.897,29.897,1032,0
40988 ,29.819,29.819,29.819,29.819,513,0
40989 ,30.063,30.063,30.034,30.034,324,0
40995 ,30.51,30.51,30.374,30.414,6140,0
40996 ,30.226,30.226,30.054,30.054,437,0
40997 ,29.829,29.829,29.819,29.819,433,0
40998 ,30.073,30.073,30.006,30.006,1178,0
41002 ,30.47,30.47,30.442,30.442,1160,0
41009 ,28.948,28.997,28.948,28.997,930,0
41015 ,29.287,29.287,29.287,29.287,151,0
41016 ,29.694,29.733,29.694,29.733,339,0
41017 ,29.694,29.694,29.615,29.615,523,0
41022 ,29.015,29.15,28.918,28.958,2700,0
41023 ,29.132,29.132,29.132,29.132,206,0
41024 ,29.346,29.376,29.326,29.376,1751,0
41025 ,29.376,29.434,29.376,29.434,1136,0
41031 ,29.557,29.557,29.557,29.557,368,0
41032 ,29.248,29.278,29.248,29.278,660,0
41033 ,28.745,28.745,28.668,28.668,3640,0
41037 ,28.358,28.358,28.174,28.184,930,0
41038 ,27.99,28.078,27.99,28.078,400,0
41039 ,28.231,28.231,28.231,28.231,102,0
41040 ,28.164,28.174,28.164,28.174,309,0
41043 ,27.844,27.844,27.844,27.844,101,0
41044 ,27.834,27.834,27.834,27.834,124,0
41045 ,27.533,27.59,27.494,27.494,1238,0
41050 ,27.272,27.456,27.252,27.456,2577,0
41052 ,27.105,27.105,27.085,27.085,3608,0
41053 ,27.223,27.223,27.223,27.223,201,0
41059 ,27.204,27.204,27.204,27.204,101,0
41074 ,27.204,27.204,27.095,27.095,461,0
41075 ,27.272,27.272,27.252,27.252,1441,0
41079 ,28.049,28.049,28.019,28.019,309,0
41080 ,27.874,27.874,27.874,27.874,101,0
41086 ,26.933,26.933,26.806,26.923,1568,0
41087 ,27.029,27.085,27.029,27.085,312,0
41088 ,26.816,26.876,26.816,26.876,206,0
41089 ,27.62,27.62,27.62,27.62,309,0
41095 ,27.912,27.99,27.912,27.97,1313,0
41096 ,27.698,27.698,27.639,27.639,558,0
41100 ,27.63,27.63,27.63,27.63,126,0
41102 ,27.038,27.038,27.038,27.038,168,0
41106 ,26.96,26.96,26.951,26.951,513,0
41107 ,27.009,27.125,27.009,27.125,449,0
41108 ,27.331,27.331,27.331,27.331,1133,0
41110 ,27.115,27.115,27.115,27.115,122,0
41113 ,26.399,26.399,26.399,26.399,154,0
41115 ,26.846,26.846,26.846,26.846,101,0
41116 ,27.504,27.504,27.504,27.504,152,0
41117 ,27.874,27.99,27.786,27.99,950,0
41120 ,27.922,27.922,27.922,27.922,112,0
41122 ,28.087,28.087,27.903,27.903,291,0
41123 ,27.301,27.301,27.301,27.301,14120,0
41124 ,28.087,28.087,28.087,28.087,411,0
41128 ,28.415,28.415,28.415,28.415,411,0
41130 ,28.842,28.842,28.483,28.483,283,0
41136 ,28.212,28.249,28.212,28.249,233,0
41144 ,28.174,28.174,28.174,28.174,528,0
41148 ,28.308,28.308,28.308,28.308,101,0
41149 ,28.358,28.358,28.358,28.358,101,0
41151 ,27.99,28.049,27.99,28.049,206,0
41156 ,28.358,28.358,28.096,28.096,618,0
41158 ,28.648,28.648,28.648,28.648,101,0
41163 ,28.754,28.793,28.754,28.793,387,0
41164 ,28.833,28.833,28.783,28.813,3248,0
41166 ,29.529,29.529,29.529,29.529,512,0
41170 ,29.045,29.045,29.045,29.045,101,0
41171 ,28.997,29.356,28.997,29.306,2606,0
41172 ,29.094,29.228,29.075,29.228,4107,0
41173 ,29.386,29.386,29.376,29.376,1341,0
41177 ,29.426,29.426,28.638,28.638,542,0
41179 ,28.706,29.141,28.706,29.141,1524,0
41183 ,29.238,29.396,29.238,29.336,1650,0
41184 ,29.132,29.132,28.803,28.803,206,0
41185 ,28.726,28.726,28.726,28.726,201,0
41191 ,28.678,28.688,28.668,28.688,317,0
41201 ,29.035,29.035,29.035,29.035,206,0
41206 ,28.803,28.803,28.803,28.803,177,0
41207 ,28.638,30.054,28.638,28.842,4748,0
41208 ,28.958,28.958,28.908,28.938,3527,0
41213 ,28.938,28.938,28.938,28.938,824,0
41214 ,28.948,29.278,28.948,29.278,1067,0
41220 ,29.085,29.085,28.833,28.833,4048,0
41222 ,28.502,28.502,28.502,28.502,206,0
41225 ,28.608,28.688,28.578,28.688,992,0
41227 ,28.453,28.453,28.453,28.453,2063,0
41228 ,27.883,27.941,27.883,27.903,720,0
41232 ,28.415,28.502,28.348,28.453,1135,0
41233 ,28.568,28.568,28.558,28.558,647,0
41234 ,28.473,28.628,28.463,28.548,3610,0
41236 ,28.948,29.113,28.948,29.015,3507,0
41239 ,28.87,29.065,28.87,29.065,1256,0
41240 ,29.025,29.228,28.988,29.035,3094,0
41241 ,28.948,29.491,28.833,29.491,5218,0
41242 ,29.675,29.704,29.605,29.704,411,0
41243 ,29.509,29.557,29.509,29.537,411,0
41246 ,29.462,29.615,29.462,29.596,2139,0
41247 ,29.743,29.743,29.5,29.5,1133,0
41248 ,29.714,29.714,29.714,29.714,413,0
41249 ,29.809,29.809,29.665,29.665,786,0
41250 ,29.966,29.966,29.665,29.665,1032,0
41254 ,30.063,30.063,29.976,29.976,206,0
41255 ,30.006,30.044,30.006,30.044,1133,0
41257 ,29.897,29.996,29.897,29.907,1650,0
41260 ,29.916,29.966,29.877,29.877,618,0
41261 ,30.102,30.197,30.102,30.112,930,0
41262 ,30.236,30.266,30.236,30.266,206,0
41263 ,30.345,30.51,30.083,30.51,3807,0
41267 ,30.301,30.311,29.862,29.862,1708,0
41269 ,29.971,30.078,29.902,29.902,2678,0
41270 ,29.951,30.211,29.853,29.941,8134,0
41271 ,30.001,30.068,30.001,30.068,308,0
41274 ,30.107,30.107,29.853,29.853,512,0
41276 ,30.741,30.741,30.593,30.593,1501,0
41277 ,30.622,30.815,30.523,30.731,3419,0
41278 ,30.583,30.789,30.583,30.642,2678,0
41281 ,30.815,30.883,30.815,30.883,554,0
41282 ,30.533,30.721,30.533,30.543,5662,0
41283 ,30.922,30.922,30.583,30.75,15919,0
41284 ,31.204,31.204,30.932,30.981,1423,0
41285 ,31.371,31.371,31.371,31.371,118,0
41288 ,31.078,31.39,31.078,31.39,817,0
41289 ,31.155,32.468,30.853,31.242,6916,0
41290 ,31.175,31.271,31.175,31.271,1647,0
41291 ,31.553,31.661,31.351,31.661,1957,0
41292 ,31.495,31.495,31.495,31.495,791,0
41296 ,31.331,31.592,31.331,31.592,1873,0
41297 ,31.798,31.798,31.798,31.798,101,0
41298 ,31.788,31.884,31.495,31.495,1439,0
41299 ,32.312,32.312,32.1,32.1,410,0
41302 ,31.759,32.031,31.621,31.808,4150,0
41304 ,31.855,31.855,31.855,31.855,928,0
41305 ,32.031,32.031,32.031,32.031,308,0
41306 ,32.535,32.535,32.535,32.535,163,0
41309 ,32.37,32.759,32.165,32.165,5201,0
41310 ,32.544,32.544,32.544,32.544,101,0
41311 ,32.439,32.439,32.439,32.439,101,0
41316 ,32.203,32.203,32.203,32.203,206,0
41317 ,32.449,32.449,32.439,32.449,1131,0
41318 ,32.458,32.458,32.449,32.449,243,0
41319 ,32.36,32.36,32.35,32.36,2558,0
41324 ,32.505,32.505,32.439,32.439,3191,0
41325 ,32.623,32.623,32.252,32.252,1416,0
41326 ,32.05,32.05,32.05,32.05,101,0
41330 ,32.146,32.146,32.146,32.146,101,0
41331 ,31.371,31.371,31.371,31.371,1030,0
41333 ,31.798,31.798,31.798,31.798,206,0
41334 ,32.272,32.272,32.272,32.272,308,0
41338 ,32.35,32.35,32.35,32.35,247,0
41339 ,32.33,32.33,32.272,32.272,257,0
41340 ,32.449,32.449,32.022,32.174,1489,0
41341 ,32.06,32.292,32.06,32.292,1267,0
41344 ,32.37,32.4,32.012,32.11,1781,0
41345 ,32.41,32.41,32.41,32.41,101,0
41346 ,32.38,32.38,32.38,32.38,101,0
41347 ,32.127,32.127,32.127,32.127,101,0
41352 ,31.954,31.954,31.954,31.954,237,0
41355 ,32.015,32.015,31.946,31.946,529,0
41358 ,31.614,31.614,31.614,31.614,452,0
41359 ,31.771,31.781,31.712,31.712,4462,0
41360 ,31.712,31.741,31.654,31.654,1427,0
41366 ,32.285,32.285,32.285,32.285,108,0
41369 ,31.421,31.761,31.421,31.535,1853,0
41372 ,31.781,31.781,31.781,31.781,199,0
41373 ,32.033,32.176,32.033,32.176,1217,0
41375 ,32.481,32.481,32.481,32.481,101,0
41379 ,31.654,31.712,31.634,31.634,1343,0
41380 ,31.839,31.839,31.839,31.839,206,0
41383 ,32.063,32.063,32.063,32.063,410,0
41393 ,33.072,33.111,33.013,33.111,1027,0
41394 ,32.644,32.644,32.644,32.644,101,0
41396 ,33.393,33.393,33.374,33.374,308,0
41397 ,33.528,33.538,32.616,33.461,2573,0
41401 ,33.782,33.782,33.782,33.782,244,0
41402 ,34.035,34.035,33.878,33.878,1542,0
41404 ,34.355,34.355,33.995,33.995,206,0
41407 ,33.624,33.762,33.624,33.752,617,0
41408 ,33.684,33.897,33.684,33.897,617,0
41409 ,34.189,34.189,34.189,34.189,101,0
41410 ,33.937,34.151,33.897,33.897,693,0
41415 ,34.266,34.266,33.888,34.005,1781,0
41416 ,34.025,34.025,33.509,33.509,1030,0
41422 ,33.83,33.83,33.83,33.83,131,0
41424 ,33.295,33.461,33.295,33.461,719,0
41425 ,32.896,32.896,32.896,32.896,410,0
41429 ,32.798,32.798,32.798,32.798,641,0
41430 ,32.49,32.518,32.342,32.471,823,0
41431 ,32.442,32.654,32.442,32.654,2780,0
41432 ,32.654,32.953,32.654,32.751,26003,0
41435 ,33.101,33.101,33.101,33.101,101,0
41436 ,32.644,32.683,32.275,32.422,24996,0
41437 ,32.556,32.556,32.508,32.508,466,0
41438 ,32.245,32.576,32.245,32.566,1765,0
41439 ,32.663,32.731,32.518,32.536,2502,0
41442 ,32.818,33.042,32.788,32.906,2640,0
41443 ,33.139,33.207,33.072,33.139,3884,0
41444 ,33.111,33.111,33.033,33.033,1447,0
41446 ,32.157,32.176,31.274,31.274,5619,0
41449 ,30.819,30.848,30.449,30.848,653,0
41450 ,31.415,31.415,31.237,31.286,2719,0
41451 ,31.179,31.473,31.179,31.473,615,0
41452 ,31.587,31.687,31.587,31.687,2047,0
41453 ,31.993,31.993,31.993,31.993,101,0
41456 ,32.19,32.19,32.117,32.133,3084,0
41457 ,32.078,32.078,32.078,32.078,409,0
41460 ,31.951,31.961,31.891,31.961,363,0
41463 ,32.418,32.418,32.171,32.171,786,0
41464 ,31.971,32.068,31.971,32.029,510,0
41465 ,32.32,32.348,32.32,32.348,349,0
41466 ,32.514,32.583,32.514,32.583,1951,0
41467 ,33.314,33.793,32.613,32.971,1132,0
41470 ,33.216,33.216,33.158,33.158,205,0
41472 ,33.08,33.08,33.08,33.08,101,0
41473 ,33.041,33.041,32.825,32.873,4244,0
41474 ,32.873,33.021,32.873,33.021,2632,0
41477 ,32.961,33.128,32.923,33.128,12894,0
41478 ,33.08,33.08,32.758,32.758,1007,0
41479 ,32.981,32.981,32.633,32.633,9213,0
41480 ,32.933,32.933,32.883,32.883,1391,0
41481 ,32.961,33.011,32.923,33.011,409,0
41484 ,33.109,33.128,32.991,33.089,3216,0
41485 ,32.834,33.021,32.834,33.021,1642,0
41487 ,33.236,33.353,33.177,33.353,981,0
41488 ,33.674,33.674,33.45,33.45,804,0
41491 ,33.422,33.45,33.284,33.44,1010,0
41492 ,33.089,33.333,33.089,33.333,1232,0
41493 ,33.119,33.119,33.05,33.05,209,0
41495 ,33.245,33.245,33.245,33.245,1027,0
41498 ,33.216,33.226,33.216,33.226,565,0
41499 ,33.45,33.489,33.45,33.469,12253,0
41501 ,32.815,33.226,32.815,33.226,1647,0
41502 ,33.138,33.206,33.08,33.08,1251,0
41505 ,33.099,33.099,33.001,33.001,2130,0
41507 ,32.593,33.284,32.593,32.651,1139,0
41508 ,32.795,32.795,31.188,32.68,5079,0
41509 ,32.942,32.942,32.942,32.942,252,0
41512 ,32.843,32.991,32.825,32.951,18338,0
41513 ,32.3,32.448,32.18,32.18,7801,0
41514 ,32.26,32.368,32.078,32.24,9852,0
41515 ,32.378,32.477,32.3,32.398,9351,0
41516 ,32.401,32.401,32.213,32.283,8515,0
41520 ,32.72,32.853,32.524,32.534,14660,0
41521 ,32.67,32.933,32.67,32.805,20910,0
41522 ,33.07,33.128,32.873,32.883,97084,0
41523 ,33.08,33.08,33.08,33.08,307,0
41526 ,33.537,33.753,33.422,33.555,5850,0
41527 ,33.859,34.191,33.859,33.947,27288,0
41528 ,34.181,34.278,34.181,34.181,615,0
41529 ,34.134,34.151,33.977,34.055,13574,0
41530 ,34.065,34.258,33.987,33.987,56139,0
41533 ,34.474,34.579,34.417,34.436,21936,0
41534 ,34.474,34.513,34.387,34.483,6083,0
41535 ,34.268,35.097,34.268,34.841,34370,0
41536 ,34.939,35.261,34.939,35.261,15707,0
41537 ,34.871,34.929,34.794,34.929,1055,0
41540 ,35.261,35.261,34.9,34.909,3400,0
41541 ,35.003,35.003,34.622,34.788,1476,0
41543 ,34.816,34.816,34.758,34.758,510,0
41547 ,34.593,34.682,34.42,34.449,1913,0
41551 ,34.37,34.758,34.37,34.758,727,0
41554 ,34.554,34.593,34.341,34.37,16274,0
41555 ,34.506,34.583,34.128,34.195,40120,0
41556 ,33.921,34.118,33.901,34.04,17425,0
41557 ,34.39,34.662,34.39,34.662,2722,0
41558 ,34.788,34.933,34.602,34.682,37254,0
41561 ,34.622,34.904,34.622,34.904,14772,0
41562 ,34.702,34.923,34.622,34.622,10389,0
41563 ,34.894,35.235,34.855,35.197,42005,0
41564 ,35.121,35.49,35.121,35.325,3725,0
41565 ,35.919,35.919,35.715,35.84,1434,0
41568 ,35.919,35.959,35.89,35.89,615,0
41569 ,36.113,36.18,36.113,36.113,409,0
41570 ,36.074,36.074,36.074,36.074,573,0
41571 ,36.151,36.151,36.141,36.141,340,0
41572 ,35.939,35.939,35.939,35.939,122,0
41575 ,35.656,36.141,35.656,36.074,9160,0
41576 ,36.065,36.065,35.784,35.88,1689,0
41577 ,35.84,35.87,35.84,35.84,510,0
41579 ,35.345,35.675,35.345,35.665,1823,0
41582 ,35.463,35.463,35.463,35.463,115,0
41584 ,35.48,35.735,35.364,35.735,8052,0
41585 ,35.393,35.393,35.393,35.393,127,0
41586 ,34.943,35.295,34.943,35.168,6083,0
41589 ,35.48,35.48,35.187,35.265,20595,0
41590 ,35.255,35.255,34.953,35.081,19492,0
41591 ,34.943,35.255,34.943,35.255,26756,0
41592 ,35.285,35.509,35.285,35.48,6567,0
41593 ,35.735,35.784,35.656,35.755,2286,0
41596 ,36.16,36.16,35.949,35.949,2981,0
41597 ,35.576,35.576,35.433,35.433,1204,0
41598 ,35.558,35.558,35.197,35.197,392,0
41599 ,35.091,35.626,35.091,35.606,4313,0
41600 ,35.626,35.86,35.626,35.86,205,0
41603 ,36.055,36.065,35.656,35.968,2816,0
41604 ,35.987,35.987,35.987,35.987,101,0
41605 ,36.065,36.065,35.626,35.88,4438,0
41607 ,36.258,36.258,36.258,36.258,101,0
41610 ,36.543,36.543,36.229,36.267,409,0
41611 ,35.656,35.774,35.656,35.695,3703,0
41612 ,35.636,35.636,35.433,35.433,406,0
41613 ,36.563,36.572,36.503,36.503,1165,0
41614 ,36.017,36.017,35.364,35.586,4514,0
41618 ,36.219,36.219,35.9,35.977,4258,0
41619 ,35.87,35.87,35.87,35.87,117,0
41621 ,35.383,35.383,35.131,35.131,5775,0
41624 ,35.383,35.616,35.325,35.433,14802,0
41625 ,35.499,35.528,35.335,35.374,53141,0
41626 ,35.636,35.919,35.383,35.89,1520,0
41627 ,35.9,35.9,35.89,35.89,360,0
41628 ,36.036,36.103,35.929,36.065,3989,0
41631 ,36.307,38.004,36.007,38.004,18948,0
41632 ,36.257,36.276,36.257,36.276,1638,0
41634 ,36.416,36.454,36.267,36.454,6465,0
41635 ,36.659,36.659,36.463,36.463,16207,0
41638 ,36.688,36.688,36.659,36.659,1624,0
41639 ,37.059,37.059,36.532,36.532,944,0
41641 ,36.921,36.921,36.198,36.356,1989,0
41642 ,36.424,36.424,36.424,36.424,217,0
41645 ,36.424,36.424,36.121,36.14,4065,0
41646 ,36.512,36.815,36.326,36.424,9958,0
41647 ,36.698,36.766,36.13,36.562,5553,0
41648 ,36.473,36.562,36.035,36.444,4011,0
41649 ,36.512,36.552,36.512,36.512,4218,0
41652 ,36.552,36.552,36.026,36.026,1364,0
41653 ,36.542,36.542,36.492,36.492,2745,0
41654 ,36.522,36.522,36.492,36.492,1215,0
41655 ,36.522,36.571,36.522,36.532,2147,0
41656 ,36.552,36.552,36.366,36.376,2913,0
41660 ,36.659,36.698,36.599,36.599,627,0
41661 ,36.746,36.746,36.416,36.736,1697,0
41662 ,36.424,36.434,36.238,36.238,2040,0
41663 ,35.764,35.764,35.274,35.274,9652,0
41666 ,35.392,35.392,34.777,35.001,6133,0
41667 ,34.777,35.079,34.562,35.079,12848,0
41668 ,34.835,34.835,34.777,34.777,513,0
41669 ,35.021,35.186,35.021,35.186,609,0
41670 ,34.835,35.432,34.835,35.334,1466,0
41673 ,34.902,34.971,34.611,34.611,872,0
41674 ,35.089,35.089,35.089,35.089,408,0
41675 ,34.931,34.981,34.621,34.711,24364,0
41676 ,35.089,35.392,35.089,35.354,1537,0
41677 ,35.224,35.344,35.215,35.344,5161,0
41680 ,33.998,35.635,33.989,35.635,2741,0
41681 ,35.986,35.986,35.937,35.937,1059,0
41682 ,36.179,36.179,35.595,35.645,1405,0
41683 ,35.744,35.829,35.744,35.829,801,0
41684 ,36.286,36.306,36.267,36.267,828,0
41688 ,36.58,36.727,36.562,36.688,3260,0
41689 ,36.708,36.708,36.571,36.571,1752,0
41690 ,36.483,36.483,36.073,36.073,569,0
41694 ,37.011,37.011,37.011,37.011,174,0
41695 ,36.805,37.098,36.805,37.098,1045,0
41696 ,37.001,37.001,36.805,36.805,861,0
41697 ,36.941,36.941,36.864,36.864,589,0
41698 ,37.399,37.496,36.991,37.496,748,0
41701 ,37.185,37.185,36.805,36.805,682,0
41702 ,37.449,37.449,37.449,37.449,356,0
41703 ,37.536,37.536,37.078,37.078,883,0
41704 ,37.937,37.984,37.419,37.419,796,0
41708 ,37.361,37.361,36.883,36.883,589,0
41709 ,37.351,37.351,37.078,37.078,2588,0
41710 ,36.815,37.04,36.708,37.04,3256,0
41712 ,36.522,36.571,36.267,36.571,13238,0
41715 ,36.198,36.659,36.198,36.609,14326,0
41716 ,36.941,37.001,36.736,36.786,13074,0
41717 ,36.659,36.756,36.463,36.629,13524,0
41718 ,36.396,36.396,36.238,36.238,811,0
41719 ,36.708,36.854,36.366,36.366,1081,0
41723 ,36.595,36.723,36.43,36.694,2872,0
41724 ,36.791,36.791,36.538,36.595,1231,0
41725 ,36.243,36.605,36.243,36.605,1322,0
41726 ,36.548,36.548,36.312,36.44,536,0
41729 ,36.791,36.791,36.791,36.791,166,0
41730 ,37.262,37.358,36.958,36.958,398,0
41731 ,37.484,37.484,37.281,37.475,915,0
41732 ,36.87,37.134,36.87,36.87,505,0
41733 ,37.348,37.348,36.635,36.635,896,0
41736 ,36.031,36.031,36.031,36.031,808,0
41737 ,36.214,36.322,36.185,36.302,10673,0
41739 ,36.938,36.938,36.733,36.733,614,0
41740 ,36.069,36.43,36.069,36.165,1213,0
41743 ,36.041,36.253,36.031,36.224,4803,0
41744 ,36.322,36.488,36.322,36.488,572,0
41746 ,36.978,37.018,36.752,36.84,2934,0
41750 ,36.928,37.134,36.928,37.134,760,0
41751 ,37.358,37.366,37.115,37.115,8089,0
41752 ,36.85,37.144,36.85,37.095,21973,0
41753 ,37.037,37.281,37.037,37.076,818,0
41754 ,36.733,36.899,36.733,36.83,3767,0
41757 ,36.83,36.83,36.83,36.83,317,0
41758 ,36.772,36.83,36.772,36.83,1580,0
41759 ,36.811,36.821,36.762,36.821,2396,0
41760 ,36.714,36.948,36.714,36.948,2950,0
41761 ,37.008,37.008,36.958,36.958,582,0
41764 ,36.948,36.948,36.899,36.899,446,0
41765 ,36.87,36.87,36.782,36.782,952,0
41766 ,36.694,36.694,36.322,36.518,1363,0
41767 ,36.879,36.879,36.879,36.879,343,0
41768 ,36.665,36.704,36.665,36.704,1442,0
41772 ,36.998,37.328,36.909,36.948,2103,0
41773 ,37.066,37.066,37.047,37.047,1004,0
41775 ,36.733,36.733,36.694,36.694,733,0
41778 ,36.919,36.919,36.919,36.919,1010,0
41779 ,36.948,36.948,36.948,36.948,461,0
41780 ,36.879,37.056,36.879,37.056,4712,0
41781 ,37.291,37.291,37.134,37.192,1651,0
41782 ,37.124,37.262,37.124,37.262,574,0
41786 ,37.281,37.582,37.281,37.281,324,0
41787 ,37.291,37.358,37.291,37.358,507,0
41788 ,37.406,37.406,37.291,37.338,1451,0
41793 ,37.563,37.563,37.553,37.553,363,0
41794 ,37.67,37.679,37.67,37.679,604,0
41795 ,37.192,37.192,37.154,37.173,2644,0
41796 ,37.543,37.543,37.436,37.436,679,0
41799 ,37.328,37.484,37.328,37.484,847,0
41800 ,37.416,37.446,37.416,37.446,484,0
41801 ,37.163,37.503,37.163,37.494,757,0
41802 ,37.475,37.513,36.811,37.252,14410,0
41807 ,37.749,37.827,37.611,37.699,1098,0
41808 ,37.689,37.709,37.689,37.709,310,0
41809 ,37.973,38.071,37.963,38.031,16524,0
41810 ,38.158,38.158,38.031,38.158,4435,0
41813 ,37.963,38.118,37.906,38.051,23280,0
41814 ,38.104,38.104,37.841,37.901,16323,0
41815 ,37.743,38.026,37.743,38.026,8718,0
41816 ,37.812,38.301,37.812,37.812,266,0
41817 ,37.921,37.931,37.822,37.832,19912,0
41820 ,37.713,38.134,37.713,38.094,48264,0
41821 ,38.252,38.596,38.173,38.33,42623,0
41822 ,38.399,38.557,38.399,38.469,14609,0
41823 ,38.691,38.82,38.625,38.761,7906,0
41827 ,38.439,38.449,38.35,38.389,30476,0
41828 ,38.144,38.164,38.016,38.124,8318,0
41829 ,38.056,38.056,37.996,38.046,4820,0
41830 ,37.773,37.931,37.625,37.812,3321,0
41831 ,37.763,37.763,37.763,37.763,413,0
41834 ,38.311,38.311,38.164,38.164,4108,0
41835 ,38.085,38.134,37.959,37.977,7506,0
41836 ,38.085,38.085,38.085,38.085,2356,0
41837 ,37.792,37.832,37.605,37.605,3177,0
41838 ,37.792,37.792,37.743,37.782,765,0
41841 ,37.615,37.615,37.605,37.605,406,0
41842 ,38.154,38.173,38.076,38.173,3256,0
41843 ,38.173,38.223,38.104,38.203,21159,0
41844 ,38.085,38.173,38.026,38.164,12280,0
41845 ,38.508,38.508,37.891,37.891,596,0
41848 ,37.723,37.792,37.683,37.763,1287,0
41850 ,37.773,37.773,37.773,37.773,437,0
41851 ,37.683,37.683,37.107,37.195,2984,0
41852 ,37.185,37.185,36.95,37,1114,0
41855 ,36.94,37.058,36.773,37.029,8526,0
41856 ,36.95,37.419,36.753,36.852,3841,0
41857 ,36.724,36.99,36.705,36.733,14748,0
41859 ,36.666,36.832,36.666,36.832,662,0
41862 ,37.097,37.137,36.96,37.137,615,0
41863 ,36.872,36.872,36.872,36.872,104,0
41865 ,37.147,37.147,37.097,37.097,1521,0
41870 ,37.097,37.625,37.097,37.625,1069,0
41871 ,37.567,37.596,37.439,37.547,19973,0
41873 ,37.567,37.567,37.294,37.419,14743,0
41876 ,37.469,37.615,37.469,37.547,7720,0
41877 ,37.792,37.841,37.615,37.782,6801,0
41878 ,38.016,38.016,37.881,37.931,13578,0
41879 ,37.901,37.901,37.901,37.901,391,0
41880 ,38.272,38.272,37.812,37.891,3334,0
41884 ,38.282,38.282,38.193,38.203,1601,0
41885 ,38.066,38.066,38.066,38.066,174,0
41886 ,38.311,38.311,38.311,38.311,498,0
41887 ,38.066,38.076,38.066,38.076,802,0
41890 ,37.841,37.891,37.557,37.557,644,0
41891 ,37.782,37.782,37.782,37.782,35785,0
41892 ,37.255,38.056,37.255,38.046,1462,0
41893 ,37.822,37.871,37.389,37.871,2140,0
41894 ,37.369,37.369,37.369,37.369,101,0
41897 ,37.351,37.429,37.255,37.429,11191,0
41898 ,37.264,37.625,37.264,37.625,14315,0
41899 ,37.723,37.723,37.274,37.274,2422,0
41900 ,37.341,37.664,37.341,37.625,4662,0
41901 ,38.262,38.262,37.389,37.478,7450,0
41904 ,37.175,37.175,37.117,37.175,1956,0
41905 ,36.94,37.02,36.813,36.813,4528,0
41906 ,36.696,36.725,36.696,36.725,770,0
41907 ,36.696,36.696,36.431,36.431,2527,0
41908 ,36.814,36.824,36.725,36.824,3415,0
41911 ,36.57,36.981,36.57,36.657,6396,0
41912 ,36.5,36.774,36.333,36.587,5468,0
41913 ,36.205,36.205,36.068,36.068,3145,0
41914 ,36.068,36.126,35.717,36.126,5424,0
41915 ,36.313,36.313,36.088,36.254,1735,0
41918 ,36.126,36.126,36.126,36.126,270,0
41919 ,36.059,36.059,35.805,35.805,571,0
41920 ,36.078,36.078,36.078,36.078,265,0
41921 ,35.356,35.356,35.356,35.356,446,0
41922 ,34.581,34.581,34.446,34.465,888,0
41925 ,34.356,34.571,34.356,34.571,1681,0
41926 ,34.474,34.561,34.474,34.561,427,0
41927 ,34.044,34.053,33.504,33.504,1869,0
41928 ,34.15,34.199,34.15,34.15,663,0
41932 ,35.207,35.207,35.207,35.207,540,0
41933 ,35.444,35.932,35.444,35.568,484,0
41934 ,35.404,35.404,35.404,35.404,151,0
41939 ,35.501,35.501,35.501,35.501,449,0
41940 ,36.413,36.413,36.413,36.413,163,0
41941 ,36.373,37.324,36.373,36.597,1130,0
41943 ,36.597,36.597,36.587,36.597,827,0
41948 ,36.57,36.578,36.57,36.578,212,0
41949 ,36.863,38.879,36.56,36.56,2592,0
41950 ,36.617,36.617,36.53,36.578,3120,0
41953 ,38.723,38.733,36.863,36.931,1529,0
41955 ,36.764,36.764,36.764,36.764,2480,0
41957 ,36.833,36.833,36.833,36.833,1030,0
41960 ,36.981,37.021,36.873,36.951,1430,0
41962 ,37.001,37.128,36.892,36.892,543,0
41963 ,36.824,36.824,36.824,36.824,545,0
41964 ,37.38,37.616,37.342,37.498,2864,0
41967 ,37.606,37.694,37.246,37.246,1311,0
41968 ,37.96,38.008,37.45,37.45,1498,0
41969 ,37.96,38.086,37.587,37.587,602,0
41974 ,36.833,37.246,36.804,36.804,518,0
41975 ,37.43,37.44,37.43,37.44,1349,0
41977 ,37.38,37.38,37.38,37.38,937,0
41978 ,37.479,37.479,37.479,37.479,715,0
41981 ,37.265,37.265,37.265,37.265,244,0
41983 ,36.5,36.5,36.235,36.235,888,0
41984 ,36.54,36.54,36.303,36.303,384,0
41985 ,36.323,36.323,35.464,35.464,2133,0
41989 ,35.747,35.747,35.424,35.501,2141,0
41990 ,35.394,35.873,35.394,35.873,934,0
41991 ,36.363,36.52,36.333,36.481,6508,0
41992 ,36.853,36.853,36.794,36.794,953,0
41995 ,36.863,38.175,36.863,36.863,268,0
41996 ,36.804,37.001,36.647,36.647,3555,0
41997 ,37.022,37.031,36.618,36.628,5627,0
41999 ,37.227,37.247,37.207,37.227,515,0
42002 ,36.598,36.598,36.598,36.598,214,0
42003 ,36.735,36.745,36.374,36.374,30569,0
42004 ,36.687,36.687,36.687,36.687,5158,0
42006 ,36.491,36.491,35.894,35.894,2064,0
42009 ,35.511,35.698,35.394,35.454,630,0
42010 ,34.844,35.158,34.835,35.158,640,0
42012 ,35.982,36.051,35.708,35.708,1148,0
42016 ,35.649,35.649,35.649,35.649,129,0
42018 ,35.464,35.511,35.464,35.511,1083,0
42020 ,35.511,35.511,35.511,35.511,227,0
42024 ,35.953,35.953,35.728,35.758,2007,0
42026 ,36.002,36.472,36.002,36.472,1689,0
42030 ,36.511,36.668,36.511,36.638,832,0
42031 ,36.697,36.726,36.697,36.726,284,0
42032 ,36.156,36.255,36.156,36.255,1113,0
42033 ,35.844,35.844,35.844,35.844,121,0
42034 ,35.668,35.815,35.668,35.738,872,0
42037 ,36.156,36.156,35.659,35.992,2637,0
42038 ,36.432,36.432,36.432,36.432,203,0
42039 ,36.735,36.735,36.687,36.687,2853,0
42040 ,36.745,36.903,36.726,36.815,3547,0
42041 ,36.707,36.707,36.482,36.482,1398,0
42044 ,36.284,36.579,36.274,36.579,3548,0
42045 ,36.735,36.903,36.472,36.903,2112,0
42046 ,36.551,36.551,36.551,36.551,123,0
42047 ,36.717,37.177,36.304,37.139,1559,0
42048 ,37.509,37.509,37.159,37.159,1015,0
42052 ,37.441,38.049,37.401,37.509,1818,0
42053 ,37.607,37.607,37.607,37.607,273,0
42054 ,37.941,37.961,37.804,37.853,5175,0
42055 ,38.196,38.196,37.775,37.775,446,0
42058 ,37.913,37.913,37.913,37.913,337,0
42059 ,37.971,38.284,37.971,38.284,2083,0
42060 ,38.107,38.373,38.107,38.343,1050,0
42061 ,38.275,38.275,38.167,38.275,1848,0
42062 ,38.531,38.531,38.383,38.452,890,0
42065 ,38.452,38.452,38.452,38.452,101,0
42066 ,38.452,38.452,38.452,38.452,101,0
42067 ,38.019,38.383,38.019,38.019,714,0
42068 ,38.226,38.226,37.951,37.951,1633,0
42069 ,37.951,37.951,37.951,37.951,101,0
42072 ,37.421,37.539,37.421,37.539,1734,0
42073 ,37.539,37.539,37.539,37.539,101,0
42075 ,37.315,37.315,37.315,37.315,101,0
42076 ,37.607,37.656,37.607,37.656,204,0
42079 ,37.333,38.059,37.333,37.745,1940,0
42080 ,37.745,37.745,37.745,37.745,101,0
42081 ,37.745,37.745,37.745,37.745,101,0
42082 ,37.745,37.745,37.745,37.745,101,0
42083 ,38.255,38.784,38.255,38.784,204,0
42086 ,38.969,39.371,38.57,38.609,2857,0
42087 ,39.195,39.195,38.502,38.784,7453,0
42088 ,38.05,38.197,37.923,38.098,10787,0
42089 ,37.745,38.227,37.705,38.227,3866,0
42090 ,38.227,38.227,37.784,38.197,4783,0
42093 ,38.394,38.394,37.705,37.853,15061,0
42094 ,37.853,37.853,37.853,37.853,22,0
42095 ,37.863,37.863,37.705,37.705,10991,0
42096 ,38.217,38.217,38.187,38.187,1222,0
42100 ,38.777,38.777,38.464,38.504,917,0
42101 ,38.639,38.639,38.639,38.639,571,0
42102 ,38.639,38.639,38.639,38.639,101,0
42103 ,39.297,39.306,39.297,39.306,466,0
42104 ,39.534,39.78,39.534,39.78,610,0
42107 ,39.584,39.584,39.584,39.584,203,0
42108 ,39.602,39.612,39.602,39.612,814,0
42109 ,39.632,39.632,39.632,39.632,305,0
42110 ,39.612,39.651,39.416,39.534,5698,0
42114 ,39.534,39.534,39.534,39.534,48,0
42115 ,39.594,39.594,39.524,39.534,1307,0
42117 ,39.534,39.534,39.534,39.534,101,0
42118 ,39.534,39.534,39.534,39.534,2,0
42121 ,40.133,40.133,40.133,40.133,101,0
42122 ,40.133,40.133,40.133,40.133,71,0
42123 ,40.133,40.133,40.133,40.133,101,0
42124 ,40.133,40.133,40.133,40.133,101,0
42125 ,39.879,39.879,39.85,39.85,407,0
42128 ,39.701,39.957,39.584,39.711,2237,0
42129 ,39.436,39.436,39.436,39.436,610,0
42130 ,39.436,39.436,39.436,39.436,7,0
42131 ,39.436,39.436,39.436,39.436,13,0
42132 ,39.436,39.436,39.436,39.436,101,0
42135 ,39.8,39.81,39.661,39.661,1525,0
42136 ,39.731,39.731,39.661,39.661,967,0
42137 ,39.642,39.701,39.642,39.701,2082,0
42139 ,40.045,40.045,39.995,39.995,908,0
42142 ,39.76,39.967,39.75,39.967,1194,0
42143 ,39.76,39.76,39.731,39.731,1358,0
42145 ,40.015,40.015,40.015,40.015,610,0
42146 ,39.995,39.995,39.76,39.76,203,0
42150 ,39.229,39.229,39.082,39.082,342,0
42151 ,39.594,39.594,39.594,39.594,305,0
42152 ,39.594,39.594,39.594,39.594,2,0
42153 ,39.594,39.594,39.594,39.594,101,0
42156 ,39.594,39.594,39.594,39.594,178,0
42157 ,39.632,39.632,39.632,39.632,1847,0
42158 ,39.515,39.515,39.515,39.515,203,0
42159 ,39.121,39.121,39.121,39.121,101,0
42160 ,38.747,38.747,38.747,38.747,203,0
42163 ,38.717,38.717,38.717,38.717,101,0
42164 ,38.844,38.844,38.639,38.639,1551,0
42165 ,39.199,39.259,39.199,39.259,2244,0
42166 ,39.584,39.584,39.179,39.179,1596,0
42170 ,39.179,39.179,39.179,39.179,101,0
42171 ,38.787,38.787,38.787,38.787,1324,0
42173 ,38.787,38.787,38.787,38.787,101,0
42177 ,38.787,38.787,38.787,38.787,101,0
42178 ,38.787,38.787,38.787,38.787,96,0
42179 ,39.207,39.207,39.129,39.129,609,0
42180 ,39.257,39.394,39.247,39.354,5180,0
42181 ,39.207,39.247,39.119,39.119,1421,0
42184 ,38.321,38.321,38.321,38.321,406,0
42185 ,38.666,38.675,38.045,38.045,3965,0
42186 ,38.608,38.618,38.608,38.608,5891,0
42187 ,38.608,38.608,38.608,38.608,101,0
42191 ,38.608,38.608,38.608,38.608,101,0
42192 ,37.582,37.582,37.582,37.582,101,0
42193 ,37.278,37.278,37.278,37.278,101,0
42194 ,38.164,38.164,37.799,37.858,8633,0
42195 ,37.858,37.858,37.858,37.858,203,0
42198 ,38.814,38.814,38.558,38.558,609,0
42199 ,38.558,38.558,38.558,38.558,30,0
42200 ,38.558,38.558,38.558,38.558,3,0
42201 ,38.941,39.237,38.911,39.237,2843,0
42202 ,38.999,38.999,38.999,38.999,101,0
42205 ,38.999,38.999,38.999,38.999,101,0
42206 ,39.187,39.493,39.187,39.424,8428,0
42207 ,38.99,39.039,38.794,39.039,5992,0
42208 ,39.178,39.178,39.139,39.139,506,0
42209 ,39.148,39.148,38.548,38.794,1522,0
42212 ,38.774,38.774,38.626,38.626,915,0
42213 ,38.794,39.069,38.794,39.009,1522,0
42214 ,39.009,39.009,39.009,39.009,101,0
42216 ,39.434,39.434,39.434,39.434,101,0
42219 ,39.334,39.334,39.324,39.334,750,0
42220 ,39.334,39.334,39.334,39.334,101,0
42221 ,39.453,39.453,39.453,39.453,101,0
42222 ,38.833,39.178,38.833,39.178,2165,0
42223 ,38.331,38.734,38.331,38.734,506,0
42226 ,39.129,39.286,39.129,39.286,11782,0
42227 ,39.562,39.562,38.252,38.252,3362,0
42228 ,38.154,38.154,38.154,38.154,101,0
42229 ,38.538,38.538,38.055,38.055,1625,0
42230 ,38.39,38.48,37.809,38.39,4265,0
42233 ,38.075,38.075,38.075,38.075,101,0
42234 ,38.005,38.065,37.908,37.918,3249,0
42235 ,38.144,38.144,37.268,37.434,7007,0
42236 ,37.908,37.908,37.031,37.031,2843,0
42237 ,36.893,36.893,36.291,36.291,2336,0
42240 ,33.486,37.838,33.476,35.032,12226,0
42241 ,37.141,37.141,35.603,36.252,1017,0
42242 ,36.183,36.549,35.859,36.47,19398,0
42243 ,36.922,37.335,36.578,37.012,5079,0
42244 ,36.992,36.992,36.982,36.982,203,0
42247 ,36.735,36.735,36.735,36.735,101,0
42248 ,35.643,35.643,35.426,35.426,711,0
42249 ,36.913,36.982,35.485,35.879,10564,0
42251 ,35.879,35.879,35.692,35.692,711,0
42255 ,36.153,36.193,35.801,36.193,1421,0
42256 ,35.742,35.967,35.732,35.967,812,0
42257 ,36.233,36.233,35.938,36.223,624,0
42258 ,36.115,36.144,35.772,35.938,2945,0
42261 ,35.938,35.938,35.938,35.938,101,0
42262 ,35.938,35.938,35.938,35.938,101,0
42263 ,35.829,36.183,35.829,36.183,304,0
42264 ,35.712,35.712,35.712,35.712,262,0
42265 ,36.677,36.677,36.597,36.597,915,0
42269 ,36.597,36.597,36.597,36.597,101,0
42270 ,35.742,35.742,35.446,35.446,1855,0
42271 ,35.441,35.441,35.441,35.441,12,0
42272 ,35.974,35.974,35.974,35.974,101,0
42276 ,34.966,34.966,34.749,34.749,1317,0
42277 ,35.223,35.223,35.195,35.195,3646,0
42278 ,35.491,35.994,35.491,35.668,2126,0
42279 ,36.102,36.181,35.649,35.826,1518,0
42282 ,36.191,36.568,36.191,36.568,2010,0
42283 ,36.834,36.834,36.359,36.478,3038,0
42284 ,37.081,37.081,37.081,37.081,502,0
42285 ,36.824,36.982,36.685,36.824,2532,0
42286 ,37.101,37.455,37.101,37.375,4557,0
42289 ,37.584,37.584,37.121,37.356,5652,0
42290 ,37.356,37.356,37.356,37.356,101,0
42291 ,37.356,37.356,37.356,37.356,101,0
42292 ,37.318,37.318,37.318,37.318,101,0
42293 ,37.445,37.445,37.445,37.445,202,0
42296 ,37.141,37.514,37.141,37.514,1372,0
42297 ,37.584,37.584,37.524,37.524,1014,0
42298 ,37.375,37.554,37.375,37.554,303,0
42299 ,38.028,38.028,37.385,37.385,1924,0
42300 ,38.197,38.217,38.197,38.217,2227,0
42303 ,38.147,38.355,38.068,38.355,3646,0
42304 ,38.078,38.078,37.762,37.949,1518,0
42305 ,38.494,38.504,37.901,38.097,34632,0
42306 ,38.305,38.305,38.217,38.246,1317,0
42307 ,38.236,38.236,38.018,38.227,37872,0
42310 ,38.157,38.266,38.018,38.137,3927,0
42311 ,38.137,38.631,38.137,38.631,4010,0
42313 ,39.5,39.5,38.385,38.424,3343,0
42314 ,38.504,38.504,38.325,38.335,1417,0
42317 ,38.177,38.177,37.998,37.998,1665,0
42318 ,37.514,37.791,37.514,37.791,1620,0
42319 ,36.418,37.921,36.418,37.921,1114,0
42320 ,37.969,37.969,37.969,37.969,1216,0
42321 ,37.161,37.514,37.111,37.514,1620,0
42324 ,37.494,37.494,37.494,37.494,303,0
42325 ,37.969,37.969,37.642,37.642,607,0
42326 ,38.018,38.018,38.018,38.018,607,0
42327 ,38.838,38.838,38.838,38.838,912,0
42328 ,38.887,38.995,38.494,38.995,3848,0
42331 ,38.907,39.214,38.809,38.809,10734,0
42332 ,40.023,40.023,38.484,38.719,1317,0
42333 ,38.828,38.976,38.809,38.976,1924,0
42335 ,38.957,38.957,38.355,38.355,4356,0
42338 ,38.514,38.641,38.514,38.623,709,0
42339 ,38.809,39.154,38.799,38.847,2590,0
42340 ,38.917,39.045,38.464,38.464,4660,0
42341 ,38.897,38.897,38.661,38.661,413,0
42342 ,38.613,38.749,38.613,38.749,607,0
42345 ,38.256,38.593,38.256,38.593,810,0
42346 ,37.722,38.394,37.722,38.394,1102,0
42347 ,37.672,37.881,37.672,37.881,1518,0
42348 ,38.177,38.177,38.177,38.177,202,0
42349 ,38.177,38.177,38.177,38.177,101,0
42352 ,37.969,37.969,37.091,37.269,1304,0
42353 ,37.613,37.891,37.455,37.455,6178,0
42354 ,38.285,38.603,37.949,38.018,7291,0
42355 ,37.841,37.841,37.811,37.811,607,0
42356 ,37.702,37.702,37.702,37.702,303,0
42359 ,37.25,37.25,37.25,37.25,912,0
42360 ,37.594,38.137,37.475,38.068,4434,0
42361 ,38.375,38.414,37.969,38.394,5874,0
42362 ,38.695,38.755,38.52,38.52,428,0
42366 ,38.257,38.361,37.927,37.927,1538,0
42367 ,38.479,38.805,38.479,38.599,834,0
42368 ,38.459,38.459,38.401,38.401,426,0
42369 ,38.053,38.053,38.053,38.053,220,0
42373 ,39.941,39.941,37.097,37.25,3994,0
42374 ,37.246,37.333,37.246,37.246,4259,0
42375 ,37.018,37.018,36.474,36.681,1362,0
42380 ,35.319,35.319,35.131,35.131,516,0
42381 ,35.892,35.892,35.387,35.655,8953,0
42382 ,34.69,34.69,34.69,34.69,174,0
42383 ,34.667,35.229,34.489,35.229,87449,0
42384 ,34.399,34.399,34.289,34.289,303,0
42388 ,34.647,34.854,34.558,34.588,10024,0
42389 ,33.778,34.063,33.563,34.063,5220,0
42390 ,34.883,34.883,34.202,34.41,982,0
42391 ,35.161,35.407,35.161,35.407,790,0
42395 ,35.457,35.457,35.457,35.457,161,0
42396 ,35.457,35.503,35.39,35.503,5082,0
42397 ,35.313,35.316,35.026,35.316,764,0
42398 ,35.704,35.723,35.219,35.635,10577,0
42401 ,35.793,36.187,35.793,35.921,16835,0
42402 ,35.814,35.822,35.269,35.684,14942,0
42403 ,35.556,35.892,35.279,35.803,18263,0
42404 ,35.822,35.822,35.694,35.694,666,0
42405 ,35.378,35.516,35.377,35.457,4971,0
42408 ,34.637,34.932,34.531,34.932,5784,0
42409 ,34.32,34.32,34.32,34.32,154,0
42410 ,34.617,34.617,34.43,34.459,1001,0
42411 ,33.896,33.922,33.882,33.922,1339,0
42412 ,34.281,34.529,34.281,34.529,984,0
42416 ,35.032,35.497,35.032,35.081,6643,0
42417 ,35.911,36.157,35.783,36.028,40604,0
42418 ,37.097,37.097,37.097,37.097,127,0
42422 ,35.871,35.871,35.871,35.871,204,0
42423 ,35.523,35.523,35.459,35.459,357,0
42424 ,35.111,35.111,35.111,35.111,815,0
42425 ,36.544,36.544,35.336,35.336,701,0
42426 ,35.645,35.813,35.575,35.684,46182,0
42429 ,35.556,35.556,35.556,35.556,121,0
42430 ,36.389,36.524,36.389,36.424,12184,0
42431 ,36.689,36.689,36.399,36.464,11181,0
42432 ,36.4,36.4,36.4,36.4,206,0
42433 ,36.928,36.968,36.928,36.968,521,0
42436 ,36.82,36.82,36.79,36.79,480,0
42438 ,37.107,37.107,37.107,37.107,101,0
42439 ,36.768,36.768,36.644,36.644,732,0
42440 ,37.137,37.226,37.117,37.226,1430,0
42443 ,37.289,37.289,37.137,37.147,8120,0
42444 ,36.81,36.81,36.691,36.705,5431,0
42445 ,36.395,37.037,36.395,37.027,7442,0
42446 ,37.137,37.137,37.137,37.137,458,0
42447 ,37.945,38.024,37.728,37.946,782,0
42450 ,37.907,37.926,37.704,37.759,1624,0
42451 ,37.425,37.425,37.375,37.377,2132,0
42452 ,37.381,37.622,36.961,36.961,26438,0
42453 ,36.982,37.221,36.788,36.79,24818,0
42457 ,37.031,37.332,37.031,37.332,540,0
42458 ,37.171,37.768,37.171,37.495,6784,0
42460 ,37.95,37.96,37.862,37.96,608,0
42464 ,37.95,37.952,37.832,37.839,2193,0
42466 ,38.492,38.492,37.565,38.098,1611,0
42467 ,38.098,38.098,37.832,37.842,1879,0
42468 ,37.703,37.707,37.643,37.693,3160,0
42471 ,37.862,37.862,37.653,37.673,929,0
42472 ,37.585,37.852,37.56,37.833,1693,0
42473 ,38.662,38.662,38.43,38.52,5588,0
42475 ,38.642,38.642,37.999,37.999,3389,0
42478 ,38.069,38.594,37.922,38.594,5250,0
42479 ,39.123,39.123,38.938,38.938,1003,0
42480 ,38.84,39.071,38.84,39.071,351,0
42481 ,39.333,39.333,38.552,38.552,803,0
42482 ,38.592,38.592,38.435,38.54,1650,0
42485 ,38.73,38.73,38.019,38.069,3616,0
42486 ,38.079,38.171,38.023,38.113,1087,0
42487 ,38.507,38.507,38.507,38.507,168,0
42488 ,38.445,38.6,38.059,38.059,3899,0
42489 ,38.059,38.059,37.836,37.836,1342,0
42492 ,38.218,38.415,38.218,38.366,1474,0
42493 ,37.882,37.882,37.765,37.765,1015,0
42494 ,37.327,37.378,37.28,37.378,10579,0
42495 ,37.655,37.655,37.655,37.655,582,0
42499 ,37.279,37.529,37.279,37.529,679,0
42500 ,37.765,37.766,37.622,37.766,853,0
42501 ,37.744,37.763,37.639,37.763,2584,0
42502 ,37.525,37.604,37.471,37.604,1777,0
42503 ,37.477,37.479,37.457,37.479,1488,0
42506 ,37.545,37.872,37.545,37.643,5587,0
42507 ,37.832,37.832,37.832,37.832,191,0
42508 ,37.653,37.653,37.555,37.555,887,0
42509 ,37.118,37.238,36.568,36.873,6938,0
42510 ,37.984,37.984,37.984,37.984,303,0
42513 ,37.872,37.999,37.25,37.357,3314,0
42514 ,37.476,38.079,37.476,37.629,2167,0
42515 ,37.703,38.188,37.703,38.188,510,0
42516 ,37.852,37.852,37.505,37.585,583,0
42517 ,38.395,38.731,38.395,38.731,414,0
42521 ,37.782,38.381,37.782,38.168,1540,0
42522 ,38.049,38.257,38.049,38.163,1713,0
42523 ,38.305,38.305,38.148,38.188,2197,0
42527 ,38.208,39.107,38.208,39.107,444,0
42528 ,38.616,38.616,38.616,38.616,291,0
42530 ,38.221,38.84,38.221,38.308,5549,0
42531 ,38.208,39.829,38.049,38.049,2364,0
42534 ,38.043,38.043,37.565,37.565,412,0
42535 ,37.508,37.508,37.508,37.508,101,0
42536 ,37.21,37.446,36.949,37.121,1944,0
42537 ,36.764,37.309,36.666,37.111,1975,0
42538 ,36.804,37.289,36.804,37.289,670,0
42541 ,38.754,38.754,37.347,37.873,1220,0
42542 ,39.443,39.819,38.544,39.555,1231,0
42544 ,38.71,39.127,38.71,38.975,1286,0
42545 ,37.421,37.421,37.168,37.168,2086,0
42548 ,37.168,37.86,36.672,37.86,2061,0
42549 ,35.752,37.193,35.752,37.193,1089,0
42550 ,37.948,37.948,37.86,37.86,1756,0
42551 ,38.869,38.869,38.585,38.585,957,0
42552 ,38.997,39.002,38.997,38.997,824,0
42556 ,38.74,38.74,38.415,38.534,1502,0
42559 ,39.166,39.166,38.555,38.79,3091,0
42562 ,39.082,39.334,38.879,38.879,2508,0
42563 ,39.596,39.596,39.596,39.596,352,0
42564 ,39.463,39.473,39.048,39.37,2915,0
42565 ,39.507,39.507,39.488,39.488,472,0
42566 ,38.84,39.256,38.84,39.107,2135,0
42569 ,39.097,40.235,39.097,40.183,3427,0
42570 ,39.904,39.904,39.404,39.877,3363,0
42571 ,39.354,40.038,39.354,40.038,496,0
42572 ,40.229,40.463,39.85,40.191,18315,0
42573 ,39.914,39.914,39.914,39.914,161,0
42576 ,40.275,40.275,40.156,40.176,708,0
42577 ,40.483,40.532,40.483,40.532,263,0
42578 ,40.602,40.612,40.239,40.54,1604,0
42579 ,40.483,40.582,40.271,40.271,1538,0
42580 ,40.002,40.497,40.002,40.177,493,0
42585 ,40.196,40.196,40.17,40.17,583,0
42586 ,40.169,40.253,39.87,40.166,1108,0
42587 ,40.108,40.108,40.108,40.108,1036,0
42590 ,40.086,40.086,40.086,40.086,264,0
42592 ,40.146,40.443,39.979,39.979,3293,0
42593 ,40.612,40.78,40.612,40.78,851,0
42594 ,40.458,40.458,40.458,40.458,126,0
42597 ,40.68,40.68,40.632,40.632,558,0
42598 ,40.467,40.929,40.467,40.917,1918,0
42600 ,40.74,40.74,40.699,40.699,273,0
42601 ,40.554,40.661,40.432,40.432,2683,0
42605 ,40.77,40.869,40.275,40.582,15651,0
42606 ,40.567,40.567,40.345,40.345,2386,0
42607 ,40.327,40.345,40.327,40.345,756,0
42608 ,40.205,40.205,39.909,40.186,5912,0
42611 ,40.253,40.318,40.235,40.256,999,0
42612 ,40.186,40.296,40.096,40.296,4819,0
42613 ,40.037,40.042,39.652,39.75,19473,0
42614 ,39.821,39.987,39.654,39.919,18684,0
42615 ,39.987,40.461,39.714,40.211,38095,0
42619 ,40.483,40.514,40.297,40.493,7979,0
42620 ,40.829,40.834,40.383,40.642,1885,0
42621 ,40.394,40.394,40.394,40.394,123,0
42622 ,40.156,40.176,39.176,39.246,14892,0
42625 ,38.84,39.512,38.256,39.318,1761,0
42626 ,39.047,39.047,38.439,38.603,2693,0
42627 ,38.8,38.8,38.662,38.662,497,0
42628 ,38.972,39.247,38.972,39.246,26447,0
42629 ,38.652,39.077,38.652,38.715,1220,0
42633 ,39.493,39.493,39.311,39.36,697,0
42634 ,39.505,39.89,39.196,39.89,2495,0
42635 ,40.483,40.604,40.335,40.596,1745,0
42636 ,40.334,40.334,40.259,40.259,1192,0
42639 ,39.728,39.728,39.658,39.658,2737,0
42640 ,39.807,39.807,39.391,39.41,1303,0
42641 ,39.589,39.835,39.469,39.835,19110,0
42642 ,40.203,40.236,39.907,40.104,1938,0
42643 ,40.303,40.303,40.243,40.283,65747,0
42647 ,40.104,40.104,39.823,39.823,36455,0
42648 ,39.916,40.094,39.916,40.039,1637,0
42649 ,39.936,40.035,39.936,40.03,1627,0
42650 ,39.936,40.114,39.936,40.114,201,0
42653 ,40.114,40.274,40.114,40.114,1060,0
42654 ,39.785,39.785,39.785,39.785,171,0
42655 ,39.589,39.916,39.589,39.847,1691,0
42656 ,39.569,39.698,39.569,39.698,1757,0
42657 ,40.027,40.163,39.896,39.896,1226,0
42660 ,40.063,40.303,39.926,39.926,3778,0
42661 ,40.7,40.869,40.591,40.591,955,0
42662 ,40.998,41.364,40.998,41.048,3416,0
42663 ,40.782,40.782,40.782,40.782,116,0
42664 ,41.167,41.573,41.167,41.524,1243,0
42667 ,41.991,41.991,41.593,41.613,971,0
42668 ,41.829,42.175,41.829,42.175,6661,0
42669 ,41.809,41.809,41.438,41.454,2657,0
42670 ,41.519,41.537,41.405,41.537,1770,0
42671 ,41.329,41.329,41.232,41.232,1351,0
42674 ,41.237,41.405,41.17,41.375,3867,0
42675 ,41.375,41.474,40.563,40.68,5030,0
42676 ,40.849,40.949,40.231,40.323,7969,0
42677 ,40.502,40.502,40.315,40.315,1254,0
42678 ,40.025,40.353,40.025,40.264,1226,0
42681 ,41.018,41.018,40.764,40.764,1694,0
42682 ,41.164,41.355,41.164,41.296,1598,0
42683 ,41.272,41.272,41.137,41.137,865,0
42684 ,41.197,41.197,39.757,40.253,1919,0
42685 ,39.062,39.062,38.578,38.804,1114,0
42688 ,38.497,38.497,37.992,38.214,1899,0
42689 ,38.804,39.092,38.724,39.092,4118,0
42690 ,39.191,39.191,38.81,38.812,4411,0
42691 ,39.076,39.189,38.813,38.848,2614,0
42692 ,39.012,39.261,38.912,39.25,2496,0
42695 ,39.787,39.865,39.728,39.865,8819,0
42696 ,40.859,40.859,40.001,40.615,5568,0
42697 ,40.899,40.899,40.154,40.492,15637,0
42699 ,40.444,40.521,40.444,40.445,727,0
42702 ,40.422,40.78,40.422,40.742,2194,0
42703 ,40.353,40.611,40.248,40.248,9640,0
42704 ,40.879,40.879,40.383,40.383,2862,0
42705 ,40.154,40.154,39.459,39.459,4160,0
42706 ,39.976,39.976,39.519,39.519,2242,0
42709 ,39.271,39.829,39.271,39.829,3098,0
42710 ,40.204,40.392,40.199,40.372,20546,0
42711 ,40.451,40.641,40.243,40.546,22143,0
42712 ,40.243,40.585,40.243,40.502,7789,0
42713 ,40.502,40.502,40.345,40.381,2876,0
42716 ,40.353,40.357,39.986,40.164,6955,0
42717 ,40.7,40.7,40.328,40.531,4366,0
42718 ,40.241,40.332,39.718,39.748,15186,0
42719 ,41.643,41.643,39.519,39.827,13592,0
42720 ,40.819,40.819,39.36,39.37,8369,0
42723 ,39.281,39.281,38.824,38.824,1613,0
42724 ,38.834,39.181,38.834,39.082,1125,0
42725 ,39.36,39.37,39.058,39.36,6985,0
42726 ,40.293,40.293,38.953,39.251,5559,0
42727 ,39.34,39.539,39.241,39.499,1843,0
42731 ,39.43,39.628,39.285,39.628,3188,0
42732 ,41.178,41.178,39.891,40.385,2303,0
42733 ,39.755,39.956,39.755,39.956,1854,0
42734 ,40.016,40.125,39.781,39.916,3815,0
42738 ,40.711,41.406,40.711,40.976,4574,0
42739 ,41.566,41.685,41.22,41.685,6854,0
42740 ,42.211,42.668,41.958,42.132,6208,0
42741 ,41.868,42.122,41.868,41.991,2115,0
42744 ,42.301,42.321,42.142,42.142,2111,0
42745 ,42.758,42.758,42.519,42.544,2817,0
42746 ,42.917,43.115,42.39,43.115,6750,0
42747 ,43.041,43.105,42.982,43.085,5561,0
42748 ,42.768,43.165,42.768,43.137,2355,0
42752 ,43.324,43.483,43.135,43.483,3496,0
42753 ,43.374,43.374,42.986,43.165,3953,0
42754 ,43.175,43.225,43.066,43.14,7584,0
42755 ,43.662,43.662,43.4,43.424,3328,0
42758 ,43.652,44.218,43.56,44.174,16611,0
42759 ,44.139,44.139,43.84,43.84,6525,0
42760 ,44.297,44.556,44.182,44.556,33619,0
42761 ,45.192,45.192,43.971,44.177,15530,0
42762 ,44.198,44.208,43.932,44.036,9671,0
42765 ,44.208,44.248,43.442,43.652,4898,0
42766 ,43.89,44.069,43.602,43.93,3180,0
42767 ,44.347,44.516,43.84,44.168,13348,0
42768 ,44.397,44.784,44.283,44.705,13434,0
42769 ,45.579,45.579,44.525,44.665,6225,0
42772 ,45.082,45.082,43.86,44.327,7471,0
42773 ,44.705,44.705,43.895,43.93,7492,0
42774 ,43.652,44.079,43.652,44.079,4473,0
42775 ,44.025,44.278,43.999,44.04,3444,0
42776 ,44.625,44.973,44.476,44.778,9283,0
42779 ,45.5,45.5,45.087,45.321,30468,0
42780 ,45.599,45.599,44.658,45.152,22113,0
42781 ,45.278,45.5,45.278,45.48,7716,0
42782 ,45.639,45.697,45.391,45.48,8024,0
42783 ,45.4,45.4,44.943,45.132,13917,0
42787 ,45.48,45.887,45.36,45.748,8194,0
42788 ,45.649,45.957,45.649,45.827,18562,0
42789 ,46.135,46.364,45.268,45.519,12574,0
42790 ,45.003,45.867,44.705,44.754,14597,0
42793 ,45.043,45.043,44.51,44.864,18400,0
42794 ,44.943,45.191,44.615,44.615,16200,0
42795 ,45.5,45.748,45.281,45.718,5805,0
42796 ,45.837,45.837,44.885,45.033,15409,0
42797 ,45.301,45.649,45.216,45.649,4579,0
42800 ,45.698,45.698,45.127,45.241,20879,0
42801 ,45.321,45.321,44.894,45.023,2538,0
42802 ,45.003,45.003,44.278,44.437,13341,0
42803 ,44.685,45.201,43.682,43.954,7762,0
42804 ,44.446,44.623,44.387,44.511,8227,0
42807 ,44.705,45.053,44.655,45.013,9138,0
42808 ,44.953,44.953,44.595,44.595,4798,0
42809 ,44.511,45.668,44.511,45.514,10764,0
42810 ,45.937,46.095,45.747,45.867,39383,0
42811 ,46.026,46.185,45.668,45.688,50337,0
42814 ,46.493,46.493,45.788,46.165,15806,0
42815 ,46.175,46.175,45.554,45.599,5782,0
42816 ,45.788,45.788,45.37,45.728,60874,0
42817 ,45.817,45.907,45.708,45.817,14277,0
42818 ,46.026,46.394,45.981,46.294,12450,0
42821 ,45.658,45.952,45.44,45.952,5811,0
42822 ,46.026,46.205,46.001,46.175,4229,0
42823 ,46.632,46.632,46.087,46.563,19554,0
42824 ,46.731,46.731,46.199,46.56,28485,0
42825 ,46.165,46.473,46.029,46.404,7463,0
42828 ,46.443,46.443,46.156,46.394,5759,0
42829 ,46.364,46.94,46.344,46.741,14940,0
42830 ,46.89,46.89,46.314,46.314,106139,0
42831 ,46.364,46.563,46.116,46.337,5428,0
42832 ,46.473,46.523,46.019,46.294,9306,0
42835 ,46.195,46.314,46.095,46.274,9345,0
42836 ,46.463,46.463,45.678,45.996,29556,0
42837 ,45.937,45.937,45.48,45.778,26889,0
42838 ,45.758,45.758,45.46,45.46,12549,0
42842 ,45.778,46.145,45.72,46.145,7264,0
42843 ,46.086,46.086,45.699,45.827,5251,0
42844 ,46.026,46.9,45.491,45.519,16220,0
42845 ,45.849,46.011,45.849,46.006,6433,0
42846 ,45.758,46.214,45.758,46.096,7350,0
42849 ,47.308,47.536,46.294,46.999,18054,0
42850 ,47.278,48.39,47.278,47.586,44574,0
42851 ,46.692,49.702,46.692,47.188,37530,0
42852 ,47.784,47.784,46.692,46.751,19290,0
42853 ,46.811,47.029,46.741,47.029,23114,0
42856 ,47.367,47.367,46.875,47.029,6158,0
42857 ,47.169,47.526,47.119,47.526,17246,0
42858 ,47.616,47.625,47.159,47.407,24032,0
42859 ,47.884,47.884,46.817,47.059,20594,0
42860 ,47.139,47.506,47.139,47.496,9032,0
42863 ,47.516,47.516,47.268,47.486,8156,0
42864 ,47.625,47.775,47.437,47.506,12241,0
42865 ,47.606,48.173,47.606,48.172,43192,0
42866 ,48.539,48.539,47.931,48.39,46021,0
42867 ,48.579,48.619,48.457,48.519,34613,0
42870 ,50.914,50.914,48.609,48.837,30839,0
42871 ,49.285,49.503,49.096,49.473,68751,0
42872 ,49.225,49.225,48.033,48.033,62989,0
42873 ,47.486,48.872,45.688,46.026,47077,0
42874 ,46.94,47.457,46.94,47.208,21063,0
42877 ,48.082,48.082,46.682,47.01,21806,0
42878 ,46.99,47.178,46.751,47.178,30943,0
42879 ,46.88,47.576,46.88,47.268,24518,0
42880 ,47.119,47.516,47.119,47.347,23909,0
42881 ,47.377,48.927,47.377,47.695,20493,0
42885 ,47.596,47.596,47.229,47.268,6475,0
42886 ,47.516,47.516,47.069,47.149,14752,0
42887 ,47.238,47.467,47.221,47.467,19812,0
42888 ,47.576,47.746,47.556,47.715,26374,0
42891 ,47.486,47.775,47.486,47.725,23206,0
42892 ,47.685,47.794,47.56,47.635,23066,0
42893 ,47.715,48.432,47.715,48.222,32933,0
42894 ,48.202,48.202,47.31,47.715,19812,0
42895 ,48.102,48.102,46.89,47.178,14872,0
42898 ,46.87,46.87,46.474,46.68,10622,0
42899 ,47.059,47.059,46.626,46.9,9990,0
42900 ,47.176,47.176,46.286,46.34,4458,0
42901 ,45.917,45.947,45.529,45.947,22805,0
42902 ,46.264,46.413,46.073,46.413,6787,0
42905 ,46.483,47.278,46.483,47.169,14203,0
42906 ,47.029,47.029,46.374,46.394,16407,0
42907 ,45.698,45.782,45.512,45.724,13514,0
42908 ,45.827,46.086,45.57,46.03,8914,0
42909 ,46.117,46.117,45.857,45.948,10341,0
42912 ,46.11,46.32,46.11,46.1961,3144,0
42913 ,46.23,46.37,46.026,46.055,7305,0
42914 ,46.31,46.7006,46.2915,46.7006,6225,0
42915 ,46.59,46.59,45.96,46.2247,4268,0
42916 ,46.5,46.7,46.2701,46.7,3996,0
42919 ,47.21,47.21,46.77,47.01,21008,0
42921 ,46.95,47.18,46.91,47.12,4206,0
42922 ,46.87,47.088,46.69,46.805,18069,0
42923 ,46.97,47.0344,46.5401,47.0344,4044,0
42926 ,47.03,47.4599,47.03,47.44,3741,0
42927 ,47.39,47.59,47.04,47.469,31001,0
42928 ,47.8,48.56,47.75,48.3873,15667,0
42929 ,48.55,48.55,47.7316,48.38,25936,0
42930 ,48.73,48.94,48.5698,48.93,19433,0
42933 ,48.79,49.14,48.78,48.92,13522,0
42934 ,48.79,49.15,48.73,49.15,21408,0
42935 ,49.09,49.28,48.92,49.27,17028,0
42936 ,49.273,49.57,49.2,49.33,7040,0
42937 ,49.36,49.45,49.0718,49.45,13866,0
42940 ,49.45,49.87,49.28,49.87,16622,0
42941 ,49.72,49.72,49.07,49.51,32801,0
42942 ,49.55,49.71,49.499,49.71,11531,0
42943 ,49.76,49.87,48.7195,48.9984,37154,0
42944 ,48.97,49.39,48.97,49.38,5714,0
42947 ,49.47,49.59,49.3,49.42,39748,0
42948 ,49.88,49.88,49.6546,49.8,19261,0
42949 ,49.8,49.8,49.16,49.5443,17303,0
42950 ,49.58,49.83,49.49,49.81,24325,0
42951 ,49.9541,50.08,49.76,49.99,7347,0
42954 ,50.07,50.76,50.07,50.6747,10378,0
42955 ,50.72,50.79,50.2499,50.2499,14741,0
42956 ,49.97,50.0372,49.8,50.0372,6721,0
42957 ,49.79,49.79,48.872,48.9756,13555,0
42958 ,48.77,49.2699,48.4462,49.22,7811,0
42961 ,49.64,50.9,49.2703,50.9,5429,0
42962 ,50.78,50.91,50.6472,50.66,23144,0
42963 ,50.94,51.77,50.94,51.33,66584,0
42964 ,51.09,51.129,50.7248,50.73,11281,0
42965 ,50.71,51.28,50.6825,51.1,6555,0
42968 ,51.3,51.3,50.9799,51.25,5774,0
42969 ,51.48,52.09,51.423,51.77,18499,0
42970 ,51.69,51.95,51.65,51.84,54063,0
42971 ,52,52.13,51.87,51.96,26791,0
42972 ,52.4,52.4,51.5212,51.5778,13731,0
42975 ,51.5752,51.755,51.41,51.75,29240,0
42976 ,51.89,51.91,51.46,51.78,7421,0
42977 ,52.1,52.33,51.802,52.2999,23283,0
42978 ,52.32,52.67,52.1466,52.51,31006,0
42979 ,52.69,53.36,52.6816,53.23,21855,0
42983 ,53.15,53.15,52.48,52.73,32128,0
42984 ,52.63,53.25,52.63,53.13,26278,0
42985 ,53.38,53.96,53.38,53.91,23768,0
42986 ,53.83,53.8528,53.28,53.48,25376,0
42989 ,54,54.35,53.9301,54.24,29059,0
42990 ,54.66,54.66,54.3462,54.45,21676,0
42991 ,54.48,54.7587,54.47,54.6,38755,0
42992 ,54.44,54.79,54.4,54.53,43016,0
42993 ,54.406,55.0772,54.406,54.78,23500,0
42996 ,56.07,56.07,54.788,55.01,44257,0
42997 ,55.02,55.66,54.9224,55.56,54206,0
42998 ,55.93,56.15,54.9211,55.37,43990,0
42999 ,55.36,55.5316,55.0838,55.4599,23248,0
43000 ,55.28,55.58,55.28,55.5183,30775,0
43003 ,55.29,55.29,53.88,54.0618,37368,0
43004 ,54.79,54.79,54.03,54.16,53588,0
43005 ,54.44,54.76,54.3,54.71,38771,0
43006 ,54.57,55.05,54.49,55.02,24433,0
43007 ,55.26,55.62,55.26,55.6,30974,0
43010 ,55.68,55.9,55.531,55.75,42381,0
43011 ,55.99,56.53,55.99,56.53,39510,0
43012 ,56.57,56.59,56.2976,56.57,32434,0
43013 ,56.77,56.87,56.55,56.59,31169,0
43014 ,56.41,56.71,56.3548,56.71,19862,0
43017 ,56.89,56.9,56.59,56.71,47436,0
43018 ,57.01,57.09,56.74,56.94,31755,0
43019 ,56.95,57.18,56.7186,56.76,69631,0
43020 ,56.97,57.04,56.8062,56.895,27773,0
43021 ,57.35,57.4,57.2003,57.3,45991,0
43024 ,57.56,57.79,57.1909,57.63,33962,0
43025 ,57.47,58.3844,56.92,57.06,45174,0
43026 ,57.38,57.42,57.077,57.2,46349,0
43027 ,56.67,56.93,56.18,56.91,23306,0
43028 ,57.28,57.45,57.17,57.35,53141,0
43031 ,57.65,58.13,57.65,57.9,21435,0
43032 ,58.029,58.43,57.7,58.43,37040,0
43033 ,58.62,58.72,57.31,57.8,31578,0
43034 ,57.58,57.65,57.0201,57.05,31175,0
43035 ,56.97,57.32,56.8901,57.19,20042,0
43038 ,57.24,57.31,56.87,57.13,23671,0
43039 ,57.1577,57.51,57.01,57.5,40906,0
43040 ,57.97,57.979,57.46,57.46,33382,0
43041 ,57.52,57.52,56.9332,57.09,24362,0
43042 ,56.95,57.309,56.88,57.14,70672,0
43045 ,57.61,57.7372,57.2285,57.65,41601,0
43046 ,57.29,57.346,57.1446,57.285,50935,0
43047 ,57.31,57.55,57.22,57.49,71770,0
43048 ,57.23,57.23,56.71,56.9265,53130,0
43049 ,56.96,56.96,56.3909,56.4,29233,0
